{
  "criteria": {
    "requirement": {
      "trigger": "minecraft:player_interacted_with_entity",
      "conditions": {
        "player": [
          {
            "condition": "minecraft:entity_properties",
            "entity": "this",
            "predicate": {
              "flags": {}
            }
          }
        ],
        "item": {
          "items": [
            "minecraft:warped_fungus_on_a_stick"
          ],
          "predicates": {
            "minecraft:custom_data": "{minecraft_bag:1b}"
          }
        },
        "entity": [
          {
            "condition": "minecraft:any_of",
            "terms": [
              {
                "condition": "minecraft:entity_properties",
                "entity": "this",
                "predicate": {
                  "type": "#minecraft:interactable"
                }
              },
              {
                "condition": "minecraft:entity_properties",
                "entity": "this",
                "predicate": {
                  "nbt": "{Owner:[]}"
                }
              }
            ]
          }
        ]
      }
    }
  },
  "rewards": {
    "function": "minecraft:bag/effect"
  }
}