{
  "type": "minecraft:crafting_shaped",
  "category": "equipment",
  "pattern": [
    "d  ",
    "s  "
  ],
  "key": {
    "s": "minecraft:stick",
    "d": "minecraft:diamond"
  },
  "result": {
    "id": "minecraft:warped_fungus_on_a_stick",
    "count": 1,
    "components": {
      "minecraft:item_name": {"translate":"jbt:diamond_chisel","fallback":"Diamond Chisel"},
      "minecraft:item_model": "jbt:diamond_chisel",
      "minecraft:max_damage": 2100,
      "minecraft:custom_data": {"jbt_chisel":true,"jbt_chisel_diamond":true,"smithed":{"ignore":{"functionality":true,"crafting":true}}}
    }
  }
}