{
  "type": "minecraft:crafting_shaped",
  "category": "equipment",
  "pattern": [
    "s  ",
    " dd"
  ],
  "key": {
    "s": "minecraft:stick",
    "d": "minecraft:diamond"
  },
  "result": {
    "id": "minecraft:warped_fungus_on_a_stick",
    "count": 1,
    "components": {
      "minecraft:item_name": {"translate":"jbt:diamond_trowel","fallback":"Diamond Trowel"},
      "minecraft:item_model": "jbt:diamond_trowel",
      "minecraft:max_damage": 4500,
      "minecraft:custom_data": {"jbt_trowel":true,"jbt_trowel_diamond":true,"smithed":{"ignore":{"functionality":true,"crafting":true}}}
    }
  }
}