{
  "type": "minecraft:crafting_shaped",
  "category": "equipment",
  "pattern": [
    "i  ",
    "s  "
  ],
  "key": {
    "s": "minecraft:stick",
    "i": "minecraft:iron_ingot"
  },
  "result": {
    "id": "minecraft:warped_fungus_on_a_stick",
    "count": 1,
    "components": {
      "minecraft:item_name": {"translate":"jbt:iron_chisel","fallback":"Iron Chisel"},
      "minecraft:item_model": "jbt:iron_chisel",
      "minecraft:max_damage": 350,
      "minecraft:custom_data": {"jbt_chisel":true,"jbt_chisel_iron":true,"smithed":{"ignore":{"functionality":true,"crafting":true}}}
    }
  }
}