{
  "condition": "minecraft:entity_properties",
  "entity": "this",
  "predicate": {
    "equipment": {
      "mainhand": {
        "predicates": {
          "minecraft:attribute_modifiers": {
            "modifiers": {
              "contains": [
                {
                  "attribute": "minecraft:block_interaction_range",
                  "id": "minecraft_hardhat_reach",
                  "amount": 3,
                  "operation": "add_value",
                  "slot": "head"
                }
              ]
            }
          }
        }
      }
    }
  }
}