{
  "display": {
    "icon": {
      "id": "minecraft:netherite_block"
    },
    "title": {
      "translate": "minecraft:adv_break_trowel_title",
      "fallback": "Master Builder"
    },
    "frame": "challenge",
    "description": {
      "translate": "minecraft:adv_break_trowel_desc",
      "fallback": "Break a Diamond Trowel enchanted with Unbreaking III"
    },
    "show_toast": true,
    "announce_to_chat": true,
    "hidden": false
  },
  "parent": "minecraft:visible/diamond_trowel",
  "criteria": {
    "requirement": {
      "trigger": "minecraft:impossible"
    }
  },
  "rewards": {
    "function": "minecraft:hardhat/give_rare"
  }
}