{
  "display": {
    "icon": {
      "id": "minecraft:warped_fungus_on_a_stick",
      "components": {
        "minecraft:item_model": "minecraft:iron_chisel"
      }
    },
    "title": {
      "translate": "minecraft:adv_iron_chisel_title",
      "fallback": "Block Replacer"
    },
    "description": {
      "translate": "minecraft:adv_iron_chisel_desc",
      "fallback": "Craft an Iron Chisel"
    },
    "show_toast": true,
    "announce_to_chat": true,
    "hidden": false
  },
  "parent": "minecraft:visible/root",
  "criteria": {
    "": {
      "trigger": "minecraft:recipe_crafted",
      "conditions": {
        "recipe_id": "minecraft:iron_chisel"
      }
    }
  }
}