{
  "display": {
    "icon": {
      "id": "minecraft:warped_fungus_on_a_stick",
      "components": {
        "minecraft:item_model": "minecraft:iron_trowel"
      }
    },
    "title": "Jake's Build Tools",
    "description": {
      "translate": "minecraft:adv_root_desc",
      "fallback": "Tools to make building easy!"
    },
    "background": "minecraft:block/stone_bricks",
    "show_toast": false,
    "announce_to_chat": false
  },
  "criteria": {
    "tick": {
      "trigger": "minecraft:tick"
    }
  }
}